{
  "hash": "c4fafb11",
  "configHash": "f74f6692",
  "lockfileHash": "e7031c15",
  "browserHash": "c88c26cf",
  "optimized": {
    "@angular/common": {
      "src": "../../../../../node_modules/@angular/common/fesm2022/common.mjs",
      "file": "@angular_common.js",
      "fileHash": "97aaf97f",
      "needsInterop": false
    },
    "@angular/core": {
      "src": "../../../../../node_modules/@angular/core/fesm2022/core.mjs",
      "file": "@angular_core.js",
      "fileHash": "2df6a674",
      "needsInterop": false
    },
    "@angular/platform-browser": {
      "src": "../../../../../node_modules/@angular/platform-browser/fesm2022/platform-browser.mjs",
      "file": "@angular_platform-browser.js",
      "fileHash": "b4d07f88",
      "needsInterop": false
    },
    "@angular/router": {
      "src": "../../../../../node_modules/@angular/router/fesm2022/router.mjs",
      "file": "@angular_router.js",
      "fileHash": "44a2486b",
      "needsInterop": false
    }
  },
  "chunks": {
    "chunk-7NITIS54": {
      "file": "chunk-7NITIS54.js"
    },
    "chunk-TOPFRUVM": {
      "file": "chunk-TOPFRUVM.js"
    },
    "chunk-NKWK6WG7": {
      "file": "chunk-NKWK6WG7.js"
    }
  }
}